query_index,llm_decision,selected_candidate_rank,selected_unit_price,reason,validation_status
0,HISTORICAL_ACCEPTED,1,22.0,"Candidates 1 through 9 share an identical short description ('Sample Collecting, Diluting and Multiple Dispensin') that matches the leading category phrase of the target description, establishing the strongest category identity among the set. Candidate 1 holds the top original retrieval rank and the highest candidate score (1.320704). While Candidate 10 is more specific, it describes a 'Tubing Coupler,' which is a different component than the target's requested paddle-wheel screw/nut and housing maintenance. Candidates with significantly higher prices (2-7, 9) are more consistent with full equipment units than the target's small repair scope (1 EA). Candidate 1 is the most comparable due to its exact category description match, top retrieval rank, and highest score.",VALID
1,HISTORICAL_ACCEPTED,1,2724.0,"All candidates 1-3 and 6-9 share the exact description 'Sample Collecting, Diluting and Multiple Dispensin' matching the target, while candidates 4, 5, and 10 are different items (sweepers, centrifugal pumps, tapered roller bearings). Among the exact-description matches, candidate 1 has the highest candidate_score (0.884127), indicating the strongest retrieval relevance. The target is a portable sampler unit with maintenance on housing and an evaluation fee paid, which is consistent with a complete sampler unit rather than a small component; candidate 1's price of 2724 reflects a full unit procurement. Candidates 2 (score 0.84) and 3 (score 0.57) are also viable but have lower retrieval scores. Therefore candidate 1 is the most comparable based on exact description match, highest candidate score, and unit-level scope.",VALID
2,HISTORICAL_ACCEPTED,1,2724.0,"Candidate 1 shares the exact item description (Sample Collecting, Diluting and Multiple Dispensin) matching the target's core procurement need for a portable sampler, and has the highest candidate semantic similarity score (0.884127) among all ten candidates. Candidates 2, 3, 6, 7, 8, and 9 also contain the same truncated description but have substantially lower semantic scores, making candidate 1 the strongest evidence match. Candidates 4 (sweepers/drag brooms), 5 (centrifugal pump parts/Gorman Rupp), and 10 (roller taper bearings) describe different commodities and equipment types that do not match the target's sample collecting/diluting/dispensing sampler, despite candidate 5 mentioning 'PORTABLE'. Candidate 1 therefore represents the most comparable historical procurement.",VALID
3,HISTORICAL_ACCEPTED,9,3616.0,"Candidate 9 shares the exact base commodity heading ""Sample Collecting, Diluting and Multiple Dispensin"" present in the target, and additionally specifies the equipment as ""Automatic Wastewater Samplers,"" which directly matches the target's ""Portable Sampler"" specification. This specification-level detail (equipment type) provides stronger evidence of the same procurement need than candidates 1-7, which share only the generic heading without confirming the sampler item type. Candidate 5 describes parts but for pumps (different equipment), while candidates 8 and 10 are unrelated equipment (sweepers/brooms and heaters). Although candidate 1 has the highest retrieval score, it is more generic and lacks the equipment-type specificity that confirms comparability to a portable wastewater sampler.",VALID
4,HISTORICAL_ACCEPTED,1,22.0,"All of candidates 1-6 and 8 share the exact item description 'Sample Collecting, Diluting and Multiple Dispensin,' matching the target's primary commodity description, while candidates 7 and 9 (Real Estate) and candidate 10 (Gorman-Rupp centrifugal pump part at $13,605) are unrelated to the portable sampler housing parts/maintenance need. Among the exact-description candidates, candidate 1 has the highest semantic similarity score (0.964024) and was the top original retrieval rank, making it the strongest match over candidates 2-6 and 8 which have substantially lower scores (0.584317 down to 0.058159) despite sharing the same description text.",VALID
5,HISTORICAL_ACCEPTED,1,22.0,"All candidates 1-6, 8, 9 share the identical core description 'Sample Collecting, Diluting and Multiple Dispensin' which matches the target's primary item. Candidate 7 (Hydromatic Sump Pump) matches the PUMPS_MOTORS family but describes a fundamentally different product type with a very low semantic score (0.154103). Candidate 10 adds 'Low Flow, Stainless Steel Strainer - 3/8 Inch' specifics not present in the target description and carries the lowest retrieval score (0.093733). Among the identical-description candidates, candidate 1 has the highest retrieval score (0.810341) and top original rank; no description or specification evidence distinguishes it from candidate 2 (score 0.809381), so candidate 1's marginally stronger retrieval evidence makes it the preferable selection. Price differences among the identical-description candidates were not used as comparability evidence per rules.",VALID
6,HISTORICAL_ACCEPTED,1,312.0,"Candidate 1 matches the target's exact commodity title 'Sample Collecting, Diluting and Multiple Dispensin' (same as target description), belongs to the same PUMPS_MOTORS commodity family, and has the highest candidate_score (0.950894) among all candidates, indicating strongest retrieval similarity. The target involves a portable sampler pump motor replacement. Candidates 2, 3, 4, 6, 9 share the same title but have substantially lower scores (0.10-0.77), making them weaker matches. Candidates 5, 7, 8 describe different pump/strainer equipment, and candidate 10 is unrelated boats, so Candidate 1 is the best comparable historical record.",VALID
7,HISTORICAL_ACCEPTED,1,2724.0,"Six candidates (1, 2, 3, 6, 7, 10) share the exact same long description as the target ('Sample Collecting, Diluting and Multiple Dispensin') and fall within the PUMPS_MOTORS commodity family, establishing the strongest item identity evidence. Among these description-identical candidates, candidate 1 has the highest candidate_score (0.826512) and was the original top retrieval rank, with no conflicting information. Candidates 4, 5, 8 describe materially different pump types (sump, sewage, pumping accessories) and candidate 9 is boats, all less comparable to the target's portable sampler parts/maintenance need.",VALID
8,HISTORICAL_ACCEPTED,1,961.51,"Candidate 1 matches the target on all key product attributes: Liquid Sulfur Dioxide in a one ton container under the same SAR quarterly contract structure (SAR [quarter] [year]). Its procurement period OCT-DEC 2022 immediately precedes the target's JAN-MAR 2023 period, giving it the strongest temporal relevance among candidates. It also carries the highest candidate_score (3.199756). Candidate 2 is a close alternative but covers a further-back quarter (JULY-SEPT 2022). Candidates 3, 7, 9 are penalized for a different location (Walnut Creek/Austin rather than Houston). Candidates 4, 5, 6, 8, 10 are generic 'for SAR' records without the specific quarterly period that ties them to the same contract series as the target.",VALID
9,HISTORICAL_ACCEPTED,1,147.96,"All ten candidates share an exact identical description match with the target (CARBON DIOXIDE (CO2) INDUSTRIAL GAS), establishing the same product identity. Candidates 1-9 all have identical unit pricing (147.96), while candidate 10 differs (129.0) with no supporting context explaining the difference. Since description, price, and all other supplied fields are otherwise identical across candidates 1-9, the tiebreaker is retrieval evidence: candidate rank 1 has the highest candidate_score (1.795458), indicating the strongest semantic similarity to the target record among the equivalent-priced candidates.",VALID
