query_index,baseline_rank,baseline_unit_price,gate_status,override,best_alternative_rank,best_alternative_score,selected_candidate_rank,selected_unit_price,rank1_product_identity_score,selected_product_identity_score,rank1_historical_price_score,selected_historical_price_score,rank1_semantic_similarity,selected_semantic_similarity,rank1_price_support_10,selected_price_support_10,rank1_brand_match,selected_brand_match,rank1_model_match,selected_model_match,rank1_numeric_overlap,selected_numeric_overlap,actual_unit_price,baseline_absolute_percentage_error,override_absolute_percentage_error,is_baseline_within_5pct,is_baseline_within_10pct,is_baseline_within_20pct,is_override_within_5pct,is_override_within_10pct,is_override_within_20pct,changed_from_rank_1
0,1,22.0,KEEP_RANK_1,False,2,0.47188816575698195,1,22.0,0.5,0.5,0.3018248175182482,0.3018248175182482,0.6216920614242554,0.6216920614242554,1,1,0,0,0,0,0.0,0.0,138.08,84.06720741599074,84.06720741599074,False,False,False,False,False,False,False
1,1,2724.0,KEEP_RANK_1,False,2,0.5109304427599767,1,2724.0,0.5,0.5,0.47706708268330733,0.47706708268330733,0.6960338354110718,0.6960338354110718,1,1,0,0,0,0,0.0,0.0,138.08,1872.7694090382386,1872.7694090382386,False,False,False,False,False,False,False
2,1,2724.0,KEEP_RANK_1,False,2,0.5109304427599767,1,2724.0,0.5,0.5,0.47706708268330733,0.47706708268330733,0.6960338354110718,0.6960338354110718,1,1,0,0,0,0,0.0,0.0,146.48,1759.6395412342981,1759.6395412342981,False,False,False,False,False,False,False
3,1,22.0,KEEP_RANK_1,False,2,0.5577726341051163,1,22.0,0.5,0.5,0.30073924731182794,0.30073924731182794,0.6938095688819885,0.6938095688819885,1,1,0,0,0,0,0.0,0.0,206.48,89.34521503293297,89.34521503293297,False,False,False,False,False,False,False
4,1,22.0,KEEP_RANK_1,False,3,0.4676267137767905,1,22.0,0.5,0.5,0.3008399511301161,0.3008399511301161,0.6360999345779419,0.6360999345779419,1,1,0,0,0,0,0.0,0.0,1660.6,98.67517764663376,98.67517764663376,False,False,False,False,False,False,False
5,1,22.0,KEEP_RANK_1,False,2,0.5602506742810611,1,22.0,0.5,0.5,0.327081589443104,0.327081589443104,0.5920389890670776,0.5920389890670776,1,1,0,0,0,0,0.0,0.0,1113.41,98.02408816159365,98.02408816159365,False,False,False,False,False,False,False
6,1,312.0,KEEP_RANK_1,False,3,0.4990590731027315,1,312.0,0.5,0.5,0.4546474358974359,0.4546474358974359,0.6195758581161499,0.6195758581161499,1,1,0,0,0,0,0.0,0.0,602.48,48.21404859912362,48.21404859912362,False,False,False,False,False,False,False
7,1,2724.0,KEEP_RANK_1,False,2,0.5103503114924965,1,2724.0,0.5,0.5,0.5234251968503937,0.5234251968503937,0.5744919776916504,0.5744919776916504,1,1,0,0,0,0,0.0,0.0,225.95,1105.5764549679134,1105.5764549679134,False,False,False,False,False,False,False
8,1,961.51,KEEP_RANK_1,False,2,0.5719255234241318,1,961.51,0.4974237084388733,0.4974237084388733,0.706186103108652,0.706186103108652,0.9509243369102478,0.9509243369102478,5,5,0,0,0,0,0.0,0.0,961.51,0.0,0.0,True,True,True,True,True,True,False
9,1,147.96,KEEP_RANK_1,False,2,0.7634247910221476,1,147.96,0.6,0.6,0.95,0.95,1.0,1.0,9,9,0,0,0,0,1.0,1.0,147.96,0.0,0.0,True,True,True,True,True,True,False
10,1,0.86,KEEP_RANK_1,False,4,0.5401413342651007,1,0.86,0.23092229664325714,0.23092229664325714,0.48139534883720925,0.48139534883720925,0.6510173082351685,0.6510173082351685,2,2,0,0,0,0,0.0,0.0,1.09,21.100917431192666,21.100917431192666,False,False,False,False,False,False,False
11,1,218.0,KEEP_RANK_1,False,2,0.9768334888732589,1,218.0,0.9665811638037363,0.9665811638037363,1.0,1.0,0.9967777132987976,0.9967777132987976,10,10,1,1,1,1,0.6666666666666666,0.6666666666666666,218.0,0.0,0.0,True,True,True,True,True,True,False
12,1,227.0,KEEP_RANK_1,False,3,0.954045492795111,1,227.0,0.9792091389497121,0.9792091389497121,1.0,1.0,0.998420774936676,0.998420774936676,10,10,1,1,1,1,0.8333333333333334,0.8333333333333334,227.0,0.0,0.0,True,True,True,True,True,True,False
13,1,218.0,KEEP_RANK_1,False,3,0.9175622354192712,1,218.0,0.9307861149311065,0.9307861149311065,1.0,1.0,0.9873892068862915,0.9873892068862915,10,10,1,1,1,1,0.5,0.5,218.0,0.0,0.0,True,True,True,True,True,True,False
14,1,19.49,KEEP_RANK_1,False,2,0.8695037171047881,1,19.49,0.6919222738061632,0.6919222738061632,0.95,0.95,0.784149169921875,0.784149169921875,9,9,1,1,1,1,0.42857142857142855,0.42857142857142855,19.49,0.0,0.0,True,True,True,True,True,True,False
15,1,1285.0,KEEP_RANK_1,False,2,0.357437646211683,1,1285.0,0.5285714285714286,0.5285714285714286,0.3398054474708171,0.3398054474708171,0.9348324537277222,0.9348324537277222,4,4,0,0,0,0,0.2857142857142857,0.2857142857142857,1285.0,0.0,0.0,True,True,True,True,True,True,False
16,1,89.0,KEEP_RANK_1,False,7,0.5855940766778149,1,89.0,0.473408180475235,0.473408180475235,0.5359435066020392,0.5359435066020392,0.9750998616218567,0.9750998616218567,2,2,0,0,0,0,0.5,0.5,111.63,20.27232822717907,20.27232822717907,False,False,False,False,False,False,False
17,1,78.0,KEEP_RANK_1,False,3,0.5763032526932376,1,78.0,0.5,0.5,0.9,0.9,1.0,1.0,8,8,0,0,0,0,0.0,0.0,285.0,72.63157894736842,72.63157894736842,False,False,False,False,False,False,False
18,1,78.0,KEEP_RANK_1,False,3,0.5763032526932376,1,78.0,0.5,0.5,0.9,0.9,1.0,1.0,8,8,0,0,0,0,0.0,0.0,95.0,17.894736842105264,17.894736842105264,False,False,True,False,False,True,False
19,1,78.0,KEEP_RANK_1,False,5,0.5661643017510123,1,78.0,0.5,0.5,0.9,0.9,1.0,1.0,8,8,0,0,0,0,0.0,0.0,95.0,17.894736842105264,17.894736842105264,False,False,True,False,False,True,False
20,1,78.0,KEEP_RANK_1,False,5,0.5661643017510123,1,78.0,0.5,0.5,0.9,0.9,1.0,1.0,8,8,0,0,0,0,0.0,0.0,280.0,72.14285714285714,72.14285714285714,False,False,False,False,False,False,False
21,1,2283.65,KEEP_RANK_1,False,6,0.3982144590955606,1,2283.65,0.23110680282115936,0.23110680282115936,0.39881001904845303,0.39881001904845303,0.7583932876586914,0.7583932876586914,3,3,0,0,0,0,0.0,0.0,103.73,2101.5328256049356,2101.5328256049356,False,False,False,False,False,False,False
22,1,8715.0,KEEP_RANK_1,False,5,0.47339143893690455,1,8715.0,0.5,0.5,0.30100401606425703,0.30100401606425703,0.6568652987480164,0.6568652987480164,2,2,0,0,0,0,0.0,0.0,1221.57,613.4261646897027,613.4261646897027,False,False,False,False,False,False,False
23,1,267.5,KEEP_RANK_1,False,2,0.4290899266201238,1,267.5,0.5,0.5,0.23817757009345797,0.23817757009345797,0.7591770887374878,0.7591770887374878,1,1,0,0,0,0,0.0,0.0,278.75,4.0358744394618835,4.0358744394618835,True,True,True,True,True,True,False
24,1,147.96,KEEP_RANK_1,False,2,0.7702299373091361,1,147.96,0.6,0.6,1.0,1.0,1.0,1.0,10,10,0,0,0,0,1.0,1.0,147.96,0.0,0.0,True,True,True,True,True,True,False
25,1,751.36,KEEP_RANK_1,False,2,0.6473971839384292,1,751.36,0.5,0.5,1.0,1.0,1.0000001192092896,1.0000001192092896,10,10,0,0,0,0,0.0,0.0,826.5,9.091349062310949,9.091349062310949,False,True,True,False,True,True,False
26,1,729.24,KEEP_RANK_1,False,2,0.7179465129031968,1,729.24,0.5,0.5,0.9926400127768313,0.9926400127768313,1.0000001192092896,1.0000001192092896,10,10,0,0,0,0,0.0,0.0,802.16,9.090455769422555,9.090455769422555,False,True,True,False,True,True,False
27,1,218.0,KEEP_RANK_1,False,3,0.9968320986306185,1,218.0,0.9999999999999999,0.9999999999999999,1.0,1.0,1.000000238418579,1.000000238418579,10,10,1,1,1,1,1.0,1.0,218.0,0.0,0.0,True,True,True,True,True,True,False
28,1,1285.0,KEEP_RANK_1,False,2,0.6897343871115709,1,1285.0,0.55,0.55,1.0,1.0,0.9905329942703247,0.9905329942703247,10,10,0,0,0,0,0.5,0.5,1285.0,0.0,0.0,True,True,True,True,True,True,False
29,1,19.49,KEEP_RANK_1,False,2,0.9845643892975172,1,19.49,0.9942875206470488,0.9942875206470488,1.0,1.0,0.9956040382385254,0.9956040382385254,10,10,1,1,1,1,1.0,1.0,19.49,0.0,0.0,True,True,True,True,True,True,False
30,1,61.56,KEEP_RANK_1,False,2,0.3139634745428973,1,61.56,0.7999999999999999,0.7999999999999999,0.5413227250124316,0.5413227250124316,0.9999998807907104,0.9999998807907104,2,2,0,0,1,1,1.0,1.0,61.56,0.0,0.0,True,True,True,True,True,True,False
31,1,114.98,KEEP_RANK_1,False,3,0.8497192785380496,1,114.98,0.7999995529651641,0.7999995529651641,0.947825708818925,0.947825708818925,1.0,1.0,9,9,0,0,1,1,1.0,1.0,114.98,0.0,0.0,True,True,True,True,True,True,False
32,1,416.5,KEEP_RANK_1,False,6,0.3011677665547398,1,416.5,0.7999999999999999,0.7999999999999999,0.48655462184873954,0.48655462184873954,0.9843934774398804,0.9843934774398804,2,2,0,0,1,1,1.0,1.0,3972.56,89.51557685724067,89.51557685724067,False,False,False,False,False,False,False
33,1,4.58,KEEP_RANK_1,False,2,0.8402879430673255,1,4.58,0.7999999999999999,0.7999999999999999,1.0,1.0,1.0000001192092896,1.0000001192092896,10,10,0,0,1,1,1.0,1.0,4.58,0.0,0.0,True,True,True,True,True,True,False
34,1,12.7,KEEP_RANK_1,False,2,0.6275893306819756,1,12.7,0.6,0.6,0.4442913385826772,0.4442913385826772,1.0,1.0,2,2,0,0,0,0,1.0,1.0,0.1,12599.999999999998,12599.999999999998,False,False,False,False,False,False,False
35,1,2671.2,KEEP_RANK_1,False,7,0.5055914450233069,1,2671.2,0.4398326303277697,0.4398326303277697,0.5075172207247679,0.5075172207247679,0.788953959941864,0.788953959941864,3,3,0,0,0,0,0.42857142857142855,0.42857142857142855,2671.2,0.0,0.0,True,True,True,True,True,True,False
36,1,955.0,KEEP_RANK_1,False,3,0.5995987246579673,1,955.0,0.55,0.55,0.6718952879581153,0.6718952879581153,0.9569949507713318,0.9569949507713318,5,5,0,0,0,0,0.5,0.5,954.93,0.007330380237300118,0.007330380237300118,True,True,True,True,True,True,False
37,1,259.99,KEEP_RANK_1,False,2,0.7816142929428189,1,259.99,0.9999999999999999,0.9999999999999999,0.9407225658308951,0.9407225658308951,1.0,1.0,9,9,1,1,1,1,1.0,1.0,265.0,1.8905660377358455,1.8905660377358455,True,True,True,True,True,True,False
38,1,218.0,KEEP_RANK_1,False,6,0.6888525281931893,1,218.0,0.62277867436409,0.62277867436409,0.85,0.85,0.894858181476593,0.894858181476593,7,7,1,1,0,0,0.4,0.4,277.16,21.345071438880076,21.345071438880076,False,False,False,False,False,False,False
39,1,840.15,OVERRIDE,True,2,0.5891629367120507,2,657.9,0.4619341194629669,0.75,0.1809587573647563,0.26723666210670316,0.8778917789459229,0.9200421571731567,1,2,0,1,0,0,0.0,0.5,948.6,11.4326375711575,30.645161290322587,False,False,True,False,False,False,True
40,1,1495.38,KEEP_RANK_1,False,4,0.39327751214486806,1,1495.38,0.20237664878368378,0.20237664878368378,0.31534258850593155,0.31534258850593155,0.5834444165229797,0.5834444165229797,3,3,0,0,0,0,0.0,0.0,20.0,7376.900000000001,7376.900000000001,False,False,False,False,False,False,False
41,1,419.0,KEEP_RANK_1,False,5,0.4982225519193255,1,419.0,0.07489687949419022,0.07489687949419022,0.19774463007159904,0.19774463007159904,0.31225284934043884,0.31225284934043884,1,1,0,0,0,0,0.0,0.0,26.14,1502.9074215761286,1502.9074215761286,False,False,False,False,False,False,False
42,1,3.13,KEEP_RANK_1,False,2,0.5312709504820899,1,3.13,0.5,0.5,0.5290617848970252,0.5290617848970252,1.0,1.0,2,2,0,0,0,0,0.0,0.0,9.12,65.6798245614035,65.6798245614035,False,False,False,False,False,False,False
43,1,65.2,KEEP_RANK_1,False,2,0.540650897445123,1,65.2,0.5,0.5,0.4503067484662576,0.4503067484662576,1.0000001192092896,1.0000001192092896,3,3,0,0,0,0,0.0,0.0,13.29,390.59443190368705,390.59443190368705,False,False,False,False,False,False,False
44,1,54080.0,KEEP_RANK_1,False,2,0.36362113368890875,1,54080.0,0.55,0.55,0.11090181213017752,0.11090181213017752,0.9315090775489807,0.9315090775489807,2,2,0,0,0,0,0.5,0.5,54080.0,0.0,0.0,True,True,True,True,True,True,False
45,1,99.4,KEEP_RANK_1,False,2,0.550937200624288,1,99.4,0.5,0.5,0.6994979919678714,0.6994979919678714,1.0,1.0,4,4,0,0,0,0,0.0,0.0,156.48,36.47750511247443,36.47750511247443,False,False,False,False,False,False,False
46,1,99.4,KEEP_RANK_1,False,2,0.550937200624288,1,99.4,0.5,0.5,0.6994979919678714,0.6994979919678714,1.0,1.0,4,4,0,0,0,0,0.0,0.0,132.91,25.212549845760286,25.212549845760286,False,False,False,False,False,False,False
47,1,99.4,KEEP_RANK_1,False,2,0.550937200624288,1,99.4,0.5,0.5,0.6994979919678714,0.6994979919678714,1.0,1.0,4,4,0,0,0,0,0.0,0.0,241.74,58.88144287250765,58.88144287250765,False,False,False,False,False,False,False
48,1,1405.51,KEEP_RANK_1,False,2,0.6385294691785367,1,1405.51,0.55,0.55,0.9374440594517293,0.9374440594517293,0.9945221543312073,0.9945221543312073,9,9,0,0,0,0,0.5,0.5,1405.51,0.0,0.0,True,True,True,True,True,True,False
49,1,191.0,KEEP_RANK_1,False,7,0.4758014516133027,1,191.0,0.0,0.0,0.46132301766951583,0.46132301766951583,0.7438356876373291,0.7438356876373291,1,1,0,0,0,0,0.0,0.0,265.0,27.92452830188679,27.92452830188679,False,False,False,False,False,False,False
50,1,95.69,KEEP_RANK_1,False,3,0.4705079268513111,1,95.69,0.4861680865287781,0.4861680865287781,0.4202962005230525,0.4202962005230525,0.8107728362083435,0.8107728362083435,2,2,0,0,0,0,0.0,0.0,218.0,56.10550458715596,56.10550458715596,False,False,False,False,False,False,False
51,1,218.0,KEEP_RANK_1,False,4,0.43718252775443406,1,218.0,0.0,0.0,0.34518734091154063,0.34518734091154063,0.5353798866271973,0.5353798866271973,1,1,0,0,0,0,0.0,0.0,117.0,86.32478632478633,86.32478632478633,False,False,False,False,False,False,False
52,1,218.0,KEEP_RANK_1,False,2,0.8130567333920321,1,218.0,0.7059755325317383,0.7059755325317383,0.95,0.95,0.9739736914634705,0.9739736914634705,9,9,1,1,0,0,0.5,0.5,218.0,0.0,0.0,True,True,True,True,True,True,False
53,1,218.0,KEEP_RANK_1,False,2,0.8196819411772345,1,218.0,0.7017622292041779,0.7017622292041779,0.95,0.95,0.9721454977989197,0.9721454977989197,9,9,1,1,0,0,0.5,0.5,218.0,0.0,0.0,True,True,True,True,True,True,False
54,1,2676.06,KEEP_RANK_1,False,4,0.589323695967137,1,2676.06,0.4199732422828674,0.4199732422828674,0.83819533194323,0.83819533194323,0.8942407369613647,0.8942407369613647,7,7,0,0,0,0,0.5,0.5,2676.06,0.0,0.0,True,True,True,True,True,True,False
55,1,126.0,KEEP_RANK_1,False,6,0.6862278525258021,1,126.0,0.6873705387115479,0.6873705387115479,0.85,0.85,0.8950628042221069,0.8950628042221069,7,7,1,1,0,0,0.5,0.5,218.0,42.201834862385326,42.201834862385326,False,False,False,False,False,False,False
56,1,25.99,KEEP_RANK_1,False,2,0.5682063942450701,1,25.99,0.5800391447544098,0.5800391447544098,0.36256620125180544,0.36256620125180544,0.7440565824508667,0.7440565824508667,1,1,1,1,0,0,0.2,0.2,19.49,33.35043612108774,33.35043612108774,False,False,False,False,False,False,False
57,1,117.0,OVERRIDE,True,6,0.6025510690024147,6,117.0,0.1894759714603424,0.725,0.36598782105184446,0.36598782105184446,0.6986826658248901,0.8242682218551636,2,2,0,1,0,0,0.5,0.25,117.0,0.0,0.0,True,True,True,True,True,True,True
58,1,286.2,KEEP_RANK_1,False,2,0.7524065086551872,1,286.2,0.7274158895015717,0.7274158895015717,0.4238644304682041,0.4238644304682041,0.972175121307373,0.972175121307373,1,1,1,1,0,0,0.5,0.5,322.0,11.118012422360252,11.118012422360252,False,False,True,False,False,True,False
59,1,1349.96,KEEP_RANK_1,False,3,0.6130009965455542,1,1349.96,0.31523080468177794,0.31523080468177794,0.8979720793534167,0.8979720793534167,0.7909765243530273,0.7909765243530273,8,8,0,0,0,0,0.5,0.5,1405.51,3.952302011369535,3.952302011369535,True,True,True,True,True,True,False
60,1,1285.0,KEEP_RANK_1,False,2,0.7276755604877506,1,1285.0,0.5282709479331971,0.5282709479331971,1.0,1.0,0.9338778853416443,0.9338778853416443,10,10,0,0,0,0,0.5,0.5,1285.0,0.0,0.0,True,True,True,True,True,True,False
61,1,227.0,KEEP_RANK_1,False,9,0.5961385232886537,1,227.0,0.75,0.75,0.7925317321253045,0.7925317321253045,0.9736804962158203,0.9736804962158203,6,6,1,1,0,0,0.5,0.5,227.0,0.0,0.0,True,True,True,True,True,True,False
62,1,119.69,KEEP_RANK_1,False,7,0.606640565680844,1,119.69,0.7,0.7,0.5226729759362918,0.5226729759362918,0.7059473991394043,0.7059473991394043,2,2,1,1,0,0,0.0,0.0,76.94,55.56277618923837,55.56277618923837,False,False,False,False,False,False,False
63,1,204.59,KEEP_RANK_1,False,2,0.6633476948317586,1,204.59,0.7,0.7,0.5203284618016522,0.5203284618016522,0.8900460004806519,0.8900460004806519,2,2,1,1,0,0,0.0,0.0,155.99,31.15584332328995,31.15584332328995,False,False,False,False,False,False,False
64,1,320.53,KEEP_RANK_1,False,2,0.6162981156103988,1,320.53,0.6,0.6,0.65,0.65,1.0000001192092896,1.0000001192092896,3,3,0,0,0,0,1.0,1.0,320.53,0.0,0.0,True,True,True,True,True,True,False
65,1,320.53,KEEP_RANK_1,False,2,0.6672066668325114,1,320.53,0.5483040988445282,0.5483040988445282,0.65,0.65,0.9981099367141724,0.9981099367141724,3,3,0,0,0,0,0.5,0.5,320.53,0.0,0.0,True,True,True,True,True,True,False
66,1,602.0,OVERRIDE,True,3,0.6441034144458098,3,602.0,0.0,0.5,1.0,1.0,0.9999998807907104,1.0,10,10,0,0,0,0,0.0,0.0,662.0,9.06344410876133,9.06344410876133,False,True,True,False,True,True,True
67,1,23.25,KEEP_RANK_1,False,2,0.5397882879444797,1,23.25,0.2002771496772766,0.2002771496772766,0.4153763440860215,0.4153763440860215,0.48877614736557007,0.48877614736557007,1,1,0,0,0,0,0.0,0.0,23.21,0.17233950883239613,0.17233950883239613,True,True,True,True,True,True,False
68,1,14.14,KEEP_RANK_1,False,2,0.707538848769789,1,14.14,0.5,0.5,0.9155487804878049,0.9155487804878049,1.0000001192092896,1.0000001192092896,9,9,0,0,0,0,0.0,0.0,19.3,26.735751295336783,26.735751295336783,False,False,False,False,False,False,False
69,1,2400.0,KEEP_RANK_1,False,2,0.5152611672836463,1,2400.0,0.41148480772972107,0.41148480772972107,0.5011411154214318,0.5011411154214318,0.7428239583969116,0.7428239583969116,2,2,0,0,0,0,0.0,0.0,2100.0,14.285714285714285,14.285714285714285,False,False,True,False,False,True,False
70,1,4950.0,KEEP_RANK_1,False,2,0.5912981950175069,1,4950.0,0.5,0.5,0.65,0.65,0.648148775100708,0.648148775100708,3,3,0,0,0,0,0.0,0.0,47919.2,89.67011135411276,89.67011135411276,False,False,False,False,False,False,False
71,1,0.4,KEEP_RANK_1,False,4,0.4932005529995523,1,0.4,0.5215742338787426,0.5215742338787426,0.5724137931034483,0.5724137931034483,0.8254512548446655,0.8254512548446655,3,3,0,0,0,0,0.36363636363636365,0.36363636363636365,0.44,9.090909090909086,9.090909090909086,False,True,True,False,True,True,False
72,1,1160.24,OVERRIDE,True,2,0.6078482102716171,2,954.93,0.4217330237229665,0.5,0.4416366441425912,0.6758385431392877,0.7898129820823669,0.8443067073822021,1,4,0,0,0,0,0.3333333333333333,0.0,1133.74,2.337396581226736,15.771693686383125,True,True,True,False,False,True,True
73,1,90611.67,KEEP_RANK_1,False,5,0.5222711911421444,1,90611.67,0.08011450363943974,0.08011450363943974,0.672124617060915,0.672124617060915,0.6980476975440979,0.6980476975440979,4,4,0,0,0,0,0.6666666666666666,0.6666666666666666,87502.24,3.553543315005413,3.553543315005413,True,True,True,True,True,True,False
74,1,90611.67,KEEP_RANK_1,False,5,0.5251602188295686,1,90611.67,0.06666666666666667,0.06666666666666667,0.6091682285515763,0.6091682285515763,0.7117535471916199,0.7117535471916199,3,3,0,0,0,0,0.6666666666666666,0.6666666666666666,87502.24,3.553543315005413,3.553543315005413,True,True,True,True,True,True,False
75,1,75.0,KEEP_RANK_1,False,2,0.8341122231954339,1,75.0,0.7999999999999999,0.7999999999999999,0.9,0.9,1.0000001192092896,1.0000001192092896,8,8,0,0,1,1,1.0,1.0,75.0,0.0,0.0,True,True,True,True,True,True,False
76,1,4400.0,KEEP_RANK_1,False,3,0.6819440637247319,1,4400.0,0.599999850988388,0.599999850988388,0.75,0.75,1.0,1.0,5,5,0,0,0,0,1.0,1.0,6500.0,32.30769230769231,32.30769230769231,False,False,False,False,False,False,False
77,1,4644.0,KEEP_RANK_1,False,2,0.8203272818748473,1,4644.0,0.7999999999999999,0.7999999999999999,0.8253127691645133,0.8253127691645133,1.0,1.0,7,7,0,0,1,1,1.0,1.0,4990.0,6.933867735470941,6.933867735470941,False,True,True,False,True,True,False
78,1,4400.0,KEEP_RANK_1,False,2,0.6952095902554313,1,4400.0,0.599999850988388,0.599999850988388,0.5573863636363636,0.5573863636363636,1.0,1.0,3,3,0,0,0,0,1.0,1.0,6500.0,32.30769230769231,32.30769230769231,False,False,False,False,False,False,False
79,1,4644.0,KEEP_RANK_1,False,2,0.8203272818748473,1,4644.0,0.7999999999999999,0.7999999999999999,0.8253127691645133,0.8253127691645133,1.0,1.0,7,7,0,0,1,1,1.0,1.0,4990.0,6.933867735470941,6.933867735470941,False,True,True,False,True,True,False
80,1,95.0,KEEP_RANK_1,False,3,0.5291757355031521,1,95.0,0.5362788796424866,0.5362788796424866,0.75,0.75,0.8990540504455566,0.8990540504455566,5,5,0,0,0,0,1.0,1.0,140.0,32.142857142857146,32.142857142857146,False,False,False,False,False,False,False
81,1,95.0,KEEP_RANK_1,False,3,0.5299643244892931,1,95.0,0.5233759343624115,0.5233759343624115,0.65,0.65,0.8529644012451172,0.8529644012451172,3,3,0,0,0,0,1.0,1.0,60.0,58.333333333333336,58.333333333333336,False,False,False,False,False,False,False
82,1,95.0,KEEP_RANK_1,False,10,0.5695098331570625,1,95.0,0.6,0.6,0.85,0.85,0.887731671333313,0.887731671333313,7,7,0,0,0,0,1.0,1.0,120.0,20.833333333333336,20.833333333333336,False,False,False,False,False,False,False
83,1,10740.0,KEEP_RANK_1,False,5,0.49664290280940393,1,10740.0,0.26550576090812683,0.26550576090812683,0.26335032588454377,0.26335032588454377,0.5236572027206421,0.5236572027206421,1,1,0,0,0,0,0.0,0.0,3446.6,211.61144316137643,211.61144316137643,False,False,False,False,False,False,False
84,1,3350.0,KEEP_RANK_1,False,2,0.49510979393623705,1,3350.0,0.394037127494812,0.394037127494812,0.5238059701492537,0.5238059701492537,0.6054904460906982,0.6054904460906982,1,1,0,0,0,0,0.0,0.0,673.55,397.36470937569595,397.36470937569595,False,False,False,False,False,False,False
85,1,23.8,KEEP_RANK_1,False,2,0.45670784294809774,1,23.8,0.25978779792785645,0.25978779792785645,0.4752100840336135,0.4752100840336135,0.8153507113456726,0.8153507113456726,1,1,0,0,0,0,0.0,0.0,11.18,112.88014311270128,112.88014311270128,False,False,False,False,False,False,False
86,1,121.0,KEEP_RANK_1,False,2,0.5026770274993222,1,121.0,0.5,0.5,0.4753837719298245,0.4753837719298245,1.0,1.0,3,3,0,0,0,0,0.0,0.0,124.62,2.904830685283265,2.904830685283265,True,True,True,True,True,True,False
87,1,14.14,KEEP_RANK_1,False,2,0.7114318313530673,1,14.14,0.5,0.5,0.9814996725605762,0.9814996725605762,1.0000001192092896,1.0000001192092896,10,10,0,0,0,0,0.0,0.0,14.14,0.0,0.0,True,True,True,True,True,True,False
88,1,71.5,KEEP_RANK_1,False,6,0.6111376615144077,1,71.5,0.27325448393821716,0.27325448393821716,0.8545454545454545,0.8545454545454545,0.8875889778137207,0.8875889778137207,8,8,0,0,0,0,0.0,0.0,71.5,0.0,0.0,True,True,True,True,True,True,False
89,1,86.1,KEEP_RANK_1,False,2,0.608472158598037,1,86.1,0.42860710620880127,0.42860710620880127,0.8,0.8,0.991701602935791,0.991701602935791,6,6,0,0,0,0,0.0,0.0,86.1,0.0,0.0,True,True,True,True,True,True,False
90,1,80.85,KEEP_RANK_1,False,3,0.6849679693607451,1,80.85,0.6,0.6,0.871264367816092,0.871264367816092,1.0000001192092896,1.0000001192092896,8,8,0,0,0,0,1.0,1.0,80.85,0.0,0.0,True,True,True,True,True,True,False
91,1,86.1,KEEP_RANK_1,False,2,0.608472158598037,1,86.1,0.42860710620880127,0.42860710620880127,0.8,0.8,0.991701602935791,0.991701602935791,6,6,0,0,0,0,0.0,0.0,648.9,86.7313915857605,86.7313915857605,False,False,False,False,False,False,False
92,1,80.85,KEEP_RANK_1,False,8,0.4431588681718451,1,80.85,0.20379577974478402,0.20379577974478402,0.771264367816092,0.771264367816092,0.9916183948516846,0.9916183948516846,6,6,0,0,0,0,0.6666666666666666,0.6666666666666666,13.65,492.30769230769226,492.30769230769226,False,False,False,False,False,False,False
93,1,16.99,KEEP_RANK_1,False,2,0.7416718973471483,1,16.99,0.6,0.6,0.9,0.9,0.9999999403953552,0.9999999403953552,8,8,0,0,0,0,1.0,1.0,16.99,0.0,0.0,True,True,True,True,True,True,False
94,1,252.99,KEEP_RANK_1,False,9,0.6138940308255441,1,252.99,0.7016476670900981,0.7016476670900981,0.4808470690541128,0.4808470690541128,0.7064083814620972,0.7064083814620972,1,1,1,1,0,0,0.16666666666666666,0.16666666666666666,19.49,1198.050282195998,1198.050282195998,False,False,False,False,False,False,False
95,1,218.0,KEEP_RANK_1,False,2,0.9521876226622955,1,218.0,0.9074130032743726,0.9074130032743726,1.0,1.0,0.9811564683914185,0.9811564683914185,10,10,1,1,1,1,0.5714285714285714,0.5714285714285714,218.0,0.0,0.0,True,True,True,True,True,True,False
96,1,1285.0,OVERRIDE,True,6,0.6346368244950672,6,1285.0,0.04000000000000001,0.5225361967086792,1.0,1.0,0.8771000504493713,0.9381841421127319,10,10,0,0,0,0,0.4,0.4,1285.0,0.0,0.0,True,True,True,True,True,True,True
97,1,19.49,KEEP_RANK_1,False,2,0.5724341134639731,1,19.49,0.76,0.76,0.6771818181818181,0.6771818181818181,0.998645544052124,0.998645544052124,5,5,1,1,0,0,0.6,0.6,19.49,0.0,0.0,True,True,True,True,True,True,False
98,1,1285.0,KEEP_RANK_1,False,2,0.6393933925648737,1,1285.0,0.55,0.55,1.0,1.0,0.9972944259643555,0.9972944259643555,10,10,0,0,0,0,0.5,0.5,1285.0,0.0,0.0,True,True,True,True,True,True,False
99,1,218.0,KEEP_RANK_1,False,5,0.6804686415293623,1,218.0,0.6886887550354004,0.6886887550354004,0.3889908256880734,0.3889908256880734,0.9401109218597412,0.9401109218597412,2,2,1,1,0,0,0.5,0.5,218.0,0.0,0.0,True,True,True,True,True,True,False
