feature,gain,gain_pct
dens_w_h10,148827.2890630722,29.929539821983642
abs_lp_vs_rank1,41029.623477220535,8.25115983414875
wsupport10_t05,37086.905967473984,7.458269488180126
wsupport10_t10,35147.89006242752,7.068328543136417
r1_sem,18942.22757630348,3.809329311385823
log_price,18263.980955839157,3.672932220743999
score_range,17855.80993938446,3.590848009118111
cand_score,13909.457304620742,2.7972266304225997
pool_lp_range,13165.815406703949,2.647678386030647
dist_top3_sem_median,11649.729767990113,2.3427897746537827
r1_dens_rel,7573.797776603698,1.5231096634599428
sem_pool_std,7480.490627193451,1.5043453624938325
lp_vs_rank1,6953.5042801857,1.3983670909167303
log_target_qty,6792.580967569351,1.3660050105243675
pool_lp_std,6577.773137283325,1.3228066189451533
score_rel_max,6148.840298175812,1.2365471528899445
tgt_len_tokens,5755.500762891769,1.1574455891985225
dens_w_h05,5394.304707527161,1.0848081596610062
num_jaccard,5260.460725784302,1.0578918003916515
num_cov,4674.943798732757,0.9401428828715052
pool_iqr_rel,4569.4177775859835,0.9189213362583073
cand_centrality,4569.317078828812,0.918901085486545
lr_median,4015.622334289551,0.8075516884086489
dens_u_h05,3772.3258806705476,0.7586241634703199
tgt_n_numeric_tokens,3730.1411595344543,0.750140710609824
dens_u_h10,3676.2790924549104,0.739308914292763
numcov_diff_r1,3541.9634021282195,0.7122976932481717
target_uom_freq,3238.0997183322906,0.6511899469344518
dens_diff_r1,3137.8663200855253,0.6310327600152709
tok_jaccard,2884.925799846649,0.5801657891744971
score_gap_rank1,2657.8504899024965,0.5345003767736667
dist_wmedian,2578.2398553848266,0.518490479186671
sem,2330.992395448685,0.4687683970024892
r1_support10,2298.45658864975,0.46222536493250094
cand_len_tokens,2045.5834950447083,0.41137195375632307
dup_group_lp_std,2009.532518196106,0.40412201220323607
dens_w_rel_h10,1931.4420886993407,0.38841783164567223
n_distinct_desc,1825.8375663757324,0.36718049824960053
abs_lr_median,1776.843890762329,0.357327747624846
r1_dup_count,1642.281529045105,0.3302669203470674
support10_diff_r1,1413.8661386489869,0.28433201441783734
scale_factor_dist,1376.2966000556946,0.2767766863022727
sem_gap_rank1,1365.1082909584045,0.2745266893778102
dens_w_rel_h05,1172.3689980506897,0.2357663358253262
sem_gap_best,1122.6440547943116,0.22576652544977782
sem_z,1099.9617421150208,0.22120505567589907
near_dup_count,988.9268465042114,0.19887566063864115
support_20,954.7052433013916,0.19199361069821086
price_pct_rank,849.148646402359,0.1707659152248102
support_5,847.9866309642791,0.17053223101577356
sem_minmax,795.6493172645569,0.16000706641449103
support_10,792.4958836555481,0.1593729030337631
pack_target,792.394087934494,0.15935243165982238
near_dist_group_median,791.2090043067932,0.1591141083801944
score_z,716.6371126651763,0.14411751457982924
tgt_has_brand,707.0500510215759,0.14218953252059582
tgt_has_model,575.7409584522247,0.11578294579994804
r1_model_match,566.3409304141999,0.11389257666628332
dup_count,560.1618951797485,0.11264995723623661
model_match,463.8115628242493,0.09327366457344968
r1_brand_match,451.6565347671509,0.09082925804987134
dup_dist_group_median,433.15042572021486,0.08710763326481251
pack_cand,330.182320022583,0.0664004898419054
dens_w_rank_h05,321.5364190101624,0.06466177753801798
brand_match,290.0458742141724,0.058328950269437435
dens_w_rank_h10,225.74834308624267,0.04539855604897256
rank,119.62821607589721,0.024057533261652483
sem_rank,107.45827431678772,0.02161012755532315
model_diff_r1,92.92974767684936,0.01868840453421439
pack_log_ratio,91.63273253440858,0.018427571547201194
brand_diff_r1,73.76883430480957,0.014835096962704391
log_rank,20.646325874328614,0.004152027738484787
exact_desc_match,12.869600296020508,0.0025881087868873326
pack_both_known,6.428179931640625,0.0012927230513846105
near_scale_factor,4.730400085449219,0.0009512952807422763
pack_mismatch,0.0,0.0
code_match,0.0,0.0
